date,open,high,low,close,volume
2017-04-11,21.81,22.98,21.77,22.4,13060500.0
2017-04-12,22.45,22.99,22.3,22.96,1745900.0
2017-04-13,22.97,23.01,22.55,22.99,549600.0
2017-04-17,23.0,23.0,22.62,22.85,249300.0
2017-04-18,22.82,24.79,22.6,23.91,1125100.0
2017-04-19,24.0,24.34,23.9,23.92,442100.0
2017-04-20,24.11,24.39,23.51,23.86,740100.0
2017-04-24,24.1,24.42,23.7,24.2,383100.0
2017-04-25,24.2,24.25,23.93,24.1,285100.0
2017-04-26,24.02,24.39,23.71,23.94,443900.0
2017-04-27,23.61,23.85,23.24,23.73,221500.0
2017-04-28,23.73,24.09,23.71,23.96,131500.0
2017-05-02,24.0,25.7,23.97,25.4,871400.0
2017-05-03,25.43,25.91,25.01,25.5,206000.0
2017-05-04,25.43,26.49,25.4,26.26,232600.0
2017-05-05,26.99,26.99,26.2,26.6,133400.0
2017-05-08,26.61,27.44,25.64,26.0,312600.0
2017-05-09,26.47,26.5,25.61,25.8,200700.0
2017-05-10,25.82,26.39,25.64,25.69,444900.0
2017-05-11,25.6,25.68,24.88,25.25,233200.0
2017-05-12,25.79,25.79,24.9,25.25,155600.0
2017-05-15,26.69,26.69,25.36,25.68,1205200.0
2017-05-16,25.89,26.3,25.7,26.3,768700.0
2017-05-17,26.34,26.9,26.0,26.5,1085600.0
2017-05-18,23.0,24.14,21.76,22.72,829700.0
2017-05-19,23.61,23.95,23.0,23.0,547400.0
2017-05-22,23.12,23.12,21.72,22.2,1301800.0
2017-05-23,22.23,22.62,21.8,22.04,614600.0
2017-05-24,22.1,24.72,22.1,23.95,892100.0
2017-05-25,24.12,25.64,24.12,25.11,1087100.0
2017-05-26,25.33,25.53,25.02,25.21,461200.0
2017-05-29,24.7026,24.8785,24.6008,24.81,333609.0
2017-05-30,24.81,25.33,24.81,24.85,1842000.0
2017-05-31,25.0,25.13,23.59,23.59,254600.0
2017-06-01,24.2,24.28,23.0,23.0,191500.0
2017-06-02,23.4,23.67,22.73,23.16,135200.0
2017-06-05,22.66,23.68,22.66,23.6,406000.0
2017-06-06,24.3,24.3,23.01,23.47,342600.0
2017-06-07,24.0,24.0,23.36,23.57,415100.0
2017-06-08,23.57,23.57,22.8,22.9,208700.0
2017-06-09,23.19,23.25,22.85,23.15,148500.0
2017-06-12,23.24,23.31,22.7,22.7,259600.0
2017-06-13,22.8,23.72,22.3,23.35,266900.0
2017-06-14,23.35,23.56,22.71,22.9,191600.0
2017-06-15,22.6825,22.8503,22.6284,22.65,286698.0
2017-06-16,22.65,23.0,22.53,22.57,74400.0
2017-06-19,22.42,22.7,22.37,22.6,244800.0
2017-06-20,22.6,23.4,22.48,22.95,123900.0
2017-06-21,22.98,23.29,22.78,23.0,475300.0
2017-06-22,23.21,23.21,22.75,22.8,61100.0
2017-06-23,22.86,23.63,22.83,23.31,157700.0
2017-06-26,23.56,23.56,23.18,23.35,253000.0
2017-06-27,23.27,23.52,23.21,23.25,333500.0
2017-06-28,23.26,23.47,22.87,23.08,265600.0
2017-06-29,23.07,23.35,22.8,23.13,576600.0
2017-06-30,23.5556,23.5714,23.4456,23.45,365908.0
2017-07-03,23.45,23.76,23.38,23.76,333200.0
2017-07-04,23.7,23.92,23.64,23.92,23400.0
2017-07-05,23.65,24.27,23.62,24.27,320500.0
2017-07-06,24.05,24.41,23.8,24.17,266600.0
2017-07-07,24.26,25.37,24.1,25.03,546400.0
2017-07-10,25.04,25.66,25.0,25.3,132700.0
2017-07-11,25.46,25.46,24.83,24.96,103100.0
2017-07-12,25.47,25.47,24.81,24.96,113200.0
2017-07-13,25.29,25.45,25.09,25.09,124000.0
2017-07-14,25.11,25.42,25.0,25.21,147800.0
2017-07-17,25.2,25.99,25.01,25.87,394800.0
2017-07-18,25.98,26.37,25.8,26.08,370300.0
2017-07-19,26.14,26.75,26.14,26.5,178400.0
2017-07-20,26.54,26.54,25.7,26.0,251600.0
2017-07-21,25.98,26.25,25.35,26.25,94600.0
2017-07-24,26.27,26.45,26.06,26.33,624500.0
2017-07-25,26.33,26.65,26.3,26.53,160700.0
2017-07-26,26.53,26.74,26.25,26.7,286900.0
2017-07-27,26.72,26.78,26.17,26.6,349600.0
2017-07-28,26.45,26.75,25.62,26.61,202300.0
2017-07-31,26.6,27.74,26.4,27.3,237000.0
2017-08-01,27.3,27.72,26.7,27.2,231300.0
2017-08-02,27.0,27.5,26.77,27.42,658300.0
2017-08-03,27.23,28.04,27.16,28.04,509500.0
2017-08-04,28.08,28.36,27.5,27.8,1453100.0
2017-08-07,27.9,28.08,27.53,27.62,101100.0
2017-08-08,27.72,28.23,27.57,27.7,199200.0
2017-08-09,27.61,28.15,27.0,28.0,307100.0
2017-08-10,27.73,27.75,26.76,27.49,224400.0
2017-08-11,27.49,27.49,26.15,27.0,475200.0
2017-08-14,27.2,27.96,27.04,27.5,272300.0
2017-08-15,27.7,27.9,27.11,27.21,148900.0
2017-08-16,27.17,27.49,26.89,27.4,152700.0
2017-08-17,27.21,27.21,26.38,26.6,176300.0
2017-08-18,26.75,27.35,25.93,26.7,193800.0
2017-08-21,26.7,26.75,26.17,26.2,128700.0
2017-08-22,26.4,26.78,26.0,26.7,188700.0
2017-08-23,26.51,26.79,25.88,26.0,276200.0
2017-08-24,26.01,26.35,26.01,26.1,197000.0
2017-08-25,26.35,26.4,26.11,26.4,210600.0
2017-08-28,26.4,26.5,26.0,26.1,216400.0
2017-08-29,26.15,26.5,26.05,26.3,91900.0
2017-08-30,26.22,26.37,25.68,26.15,178600.0
2017-08-31,26.15,26.6,25.5,26.55,212200.0
2017-09-01,26.55,26.89,26.33,26.89,371400.0
2017-09-04,27.0,27.36,26.9,27.18,227100.0
2017-09-05,27.25,27.59,26.88,27.31,395200.0
2017-09-06,27.27,27.86,27.15,27.84,570200.0
2017-09-07,27.7646,27.87,27.6245,27.84,472977.0
2017-09-08,27.84,27.84,27.3,27.64,364300.0
2017-09-11,27.69,27.99,27.44,27.9,593500.0
2017-09-12,28.0,28.0,26.2,26.44,3393500.0
2017-09-13,26.7,27.91,26.22,27.91,1077500.0
2017-09-14,27.8,29.7,27.5,28.81,1248100.0
2017-09-15,28.3,30.25,28.21,30.0,6328900.0
2017-09-18,30.22,30.4,29.69,29.81,1198600.0
2017-09-19,29.85,30.04,28.5,30.04,1967300.0
2017-09-20,30.05,30.72,29.68,30.31,1497400.0
2017-09-21,30.24,30.89,29.75,30.39,1047600.0
2017-09-22,30.13,30.14,29.41,29.85,263000.0
2017-09-25,29.93,30.15,27.9,29.4,461800.0
2017-09-26,29.39,29.67,28.7,28.88,222100.0
2017-09-27,28.91,29.16,27.56,28.77,1454900.0
2017-09-28,28.55,28.55,27.79,28.25,353400.0
2017-09-29,28.32,29.2,28.3,29.2,779100.0
2017-10-02,28.581,28.6182,28.4937,28.6,256817.0
2017-10-03,28.6,30.4,28.6,29.9,386900.0
2017-10-04,29.8,30.16,29.4,29.9,475800.0
2017-10-05,30.1,30.6,30.06,30.12,322600.0
2017-10-06,29.69,30.44,29.5,30.06,271800.0
2017-10-09,30.15,30.35,29.72,30.0,341900.0
2017-10-10,30.2,30.85,30.1,30.4,444000.0
2017-10-11,30.51,30.52,29.55,29.85,585900.0
2017-10-12,29.8473,29.9343,29.7751,29.89,489003.0
2017-10-13,29.89,29.89,29.02,29.2,409800.0
2017-10-16,29.11,29.27,27.76,28.71,870200.0
2017-10-17,28.5,28.63,28.05,28.45,445400.0
2017-10-18,28.59,29.25,28.47,28.91,402400.0
2017-10-19,28.9,29.19,27.56,28.5,761200.0
2017-10-20,28.71,29.35,28.5,29.3,335400.0
2017-10-23,29.14,29.49,28.65,29.06,480200.0
2017-10-24,28.87,29.99,28.54,29.97,705100.0
2017-10-25,29.99,30.52,29.51,30.0,524700.0
2017-10-26,29.74,29.99,29.34,29.6,1893300.0
2017-10-27,29.44,29.94,29.28,29.94,418800.0
2017-10-30,29.7,29.7,28.21,28.5,413500.0
2017-10-31,27.3202,27.5448,27.2256,27.5,106603.0
2017-11-01,27.5,27.95,27.0,27.36,953500.0
2017-11-02,27.3759,27.3927,27.2199,27.36,436217.0
2017-11-03,27.36,27.68,26.35,26.8,680900.0
2017-11-06,27.59,27.59,26.57,26.84,195200.0
2017-11-07,26.4,26.58,25.45,25.9,794600.0
2017-11-08,26.15,27.3,26.11,27.0,873400.0
2017-11-09,27.76,28.91,26.8,27.2,1100500.0
2017-11-10,27.45,27.7,26.55,27.09,660500.0
2017-11-13,27.15,27.19,26.37,26.8,495800.0
2017-11-14,26.85,27.0,26.11,26.44,680100.0
2017-11-15,26.1307,26.3304,26.1061,26.27,464797.0
2017-11-16,26.27,26.9,26.27,26.7,1300600.0
2017-11-17,26.92,26.92,26.55,26.73,413000.0
2017-11-20,27.3477,27.3734,27.2867,27.3,921715.0
2017-11-21,27.3,28.5,27.03,28.0,2426300.0
2017-11-22,28.05,28.1,27.3,27.88,706200.0
2017-11-23,27.64,28.4,27.48,27.81,152700.0
2017-11-24,28.04,28.2,27.76,28.09,287000.0
2017-11-27,28.05,28.2,27.76,27.96,230200.0
2017-11-28,27.77,28.34,27.77,28.15,426400.0
2017-11-29,28.15,28.31,27.66,27.75,415300.0
2017-11-30,27.33,27.44,25.99,26.87,1283300.0
2017-12-01,26.85,27.26,26.38,26.95,758400.0
2017-12-04,26.99,27.66,26.99,27.25,1604000.0
2017-12-05,27.28,27.69,27.03,27.07,1118300.0
2017-12-06,27.0,27.29,26.85,27.0,593300.0
2017-12-07,26.99,27.41,26.3,26.99,613300.0
2017-12-08,27.06,27.78,26.85,26.9,5397500.0
2017-12-11,27.09,27.1,26.34,26.7,471400.0
2017-12-12,26.43,27.04,26.16,26.83,442000.0
2017-12-13,27.3,27.3,26.41,26.55,1188500.0
2017-12-14,26.26,26.55,25.87,26.28,1320800.0
2017-12-15,26.54,26.62,25.6,25.6,4854600.0
2017-12-18,26.01,26.01,25.71,25.8,638000.0
2017-12-19,25.84,25.97,25.51,25.9,408200.0
2017-12-20,26.07,26.35,25.91,26.17,416600.0
2017-12-21,26.5,26.74,26.15,26.5,642800.0
2017-12-22,26.31,26.69,26.24,26.5,371400.0
2017-12-25,26.5515,26.5539,26.4936,26.5,916732.0
2017-12-26,26.5,26.61,26.26,26.45,210200.0
2017-12-27,26.65,26.66,26.01,26.34,431900.0
2017-12-28,26.53,26.9,26.39,26.9,2295300.0
2017-12-29,27.1826,27.2456,26.9816,27.0,266982.0
2018-01-02,27.0,27.37,26.89,27.15,668200.0
2018-01-03,27.0,27.27,26.62,27.06,300200.0
2018-01-04,26.84,27.47,26.84,27.23,911800.0
2018-01-05,27.31,27.6,26.6,27.2,699900.0
2018-01-08,27.2,27.2,26.76,26.91,230100.0
2018-01-09,26.78,27.0,26.47,26.8,775200.0
2018-01-10,26.69,27.16,26.37,26.45,950900.0
2018-01-11,26.45,27.24,26.28,26.55,2445400.0
2018-01-12,26.55,26.73,25.65,26.4,891200.0
2018-01-15,26.5,26.98,26.09,26.98,207500.0
2018-01-16,26.84,27.5,26.61,27.15,500500.0
2018-01-17,27.26,28.5,27.21,28.15,779200.0
2018-01-18,27.81,28.87,27.8,28.87,931700.0
2018-01-19,28.89,29.28,28.52,28.62,1131900.0
2018-01-22,28.6,29.0,27.96,29.0,593600.0
2018-01-23,28.97,28.97,28.41,28.87,199800.0
2018-01-24,28.99,29.68,28.96,29.5,1177700.0
2018-01-25,29.5801,29.5867,29.1592,29.43,164109.0
2018-01-26,29.43,30.2,29.41,30.01,1338800.0
2018-01-29,29.89,30.66,29.35,30.28,611700.0
2018-01-30,30.27,30.7,29.8,30.47,740100.0
2018-01-31,30.55,31.7,30.55,31.05,764000.0
2018-02-01,31.05,32.0,31.05,31.9,799400.0
2018-02-02,31.89,31.89,30.58,31.2,494400.0
2018-02-05,31.19,31.27,30.45,30.75,274900.0
2018-02-06,30.75,31.44,30.0,31.4,604000.0
2018-02-07,31.5,31.91,30.95,31.1,1204100.0
2018-02-08,31.37,31.37,29.98,30.2,1006900.0
2018-02-09,30.01,30.07,29.1,29.34,1057500.0
2018-02-15,30.0,30.2,29.71,29.76,896000.0
2018-02-16,29.85,29.97,29.36,29.41,2303700.0
2018-02-19,29.4,29.69,29.22,29.4,272800.0
2018-02-20,29.6,30.6,29.5,30.4,3602200.0
2018-02-21,30.5,31.4,30.3,31.26,3460800.0
2018-02-22,31.31,32.5,31.31,32.49,1869600.0
2018-02-23,32.5,33.18,32.09,32.9,984000.0
2018-02-26,33.52,34.09,33.2,33.76,878600.0
2018-02-27,33.4612,33.7357,33.3666,33.7,150978.0
2018-02-28,33.7,33.72,33.21,33.63,621500.0
2018-03-01,33.5,33.8,32.65,33.33,681400.0
2018-03-02,33.27,33.27,32.15,32.9,521000.0
2018-03-05,32.99,33.66,32.55,33.18,684700.0
2018-03-06,33.23,34.38,32.72,33.7,1975000.0
2018-03-07,33.5,33.84,33.04,33.4,562700.0
2018-03-08,33.9,35.0,33.81,35.0,3485700.0
2018-03-09,34.99,36.6,34.45,36.5,3317800.0
2018-03-12,36.3,37.75,36.3,37.17,1381000.0
2018-03-13,37.4,37.5,36.85,37.18,1210300.0
2018-03-14,37.22,37.29,36.46,37.0,844500.0
2018-03-15,36.8,37.0,36.5,36.82,645500.0
2018-03-16,36.79,37.28,36.04,36.41,682500.0
2018-03-19,36.41,37.0,35.56,36.38,889600.0
2018-03-20,36.69,37.05,36.5,36.68,1324200.0
2018-03-21,37.09,37.5,36.71,37.49,1161900.0
2018-03-22,37.4,38.0,37.02,37.55,970100.0
2018-03-23,37.39,37.43,36.56,37.17,563900.0
2018-03-26,37.61,37.99,37.32,37.99,586400.0
2018-03-27,37.99,38.76,37.67,38.01,989000.0
2018-03-28,38.0,38.31,37.21,37.7,605800.0
2018-03-29,37.85,38.64,37.66,38.2,2669100.0
2018-04-02,38.19,38.55,37.08,37.36,621300.0
2018-04-03,37.46,38.29,37.46,38.0,1067300.0
2018-04-04,37.69,37.69,36.19,36.7,1384600.0
2018-04-05,37.02,38.1,37.02,37.15,1163400.0
2018-04-06,37.36,38.89,37.3,38.69,2761300.0
2018-04-09,38.8,39.4,38.34,38.69,969600.0
2018-04-10,39.02,39.38,37.15,37.38,1252200.0
2018-04-11,37.35,37.58,35.88,36.4,1054700.0
2018-04-12,36.21,37.29,36.06,37.2,1373900.0
2018-04-13,37.2,37.59,36.37,36.65,1758000.0
2018-04-16,36.65,36.9,35.57,35.89,1735700.0
2018-04-17,37.31,37.83,36.06,36.76,1397600.0
2018-04-18,36.87,37.35,36.66,37.01,1894800.0
2018-04-19,37.01,37.09,36.07,36.6,1446900.0
2018-04-20,36.65,37.16,36.12,36.8,909300.0
2018-04-23,36.4,37.04,36.4,36.96,509900.0
2018-04-24,36.94,37.5,35.65,35.85,1107600.0
2018-04-25,35.63,35.63,33.88,34.24,2003100.0
2018-04-26,34.3,34.63,34.01,34.35,1533300.0
2018-04-27,34.58,35.81,34.37,35.41,3682100.0
2018-04-30,35.41,36.4,34.72,36.4,834300.0
2018-05-02,36.39,36.53,35.37,35.51,1743200.0
2018-05-03,35.11,35.8,33.6,33.78,2623200.0
2018-05-04,33.6,34.0,33.06,33.48,3200200.0
2018-05-07,33.51,33.72,32.6,33.0,1059400.0
2018-05-08,33.2,33.31,32.5,33.09,866200.0
2018-05-09,33.36,33.4,30.11,31.0,3596400.0
2018-05-10,33.0,33.0,30.39,32.0,3451300.0
2018-05-11,31.7,32.26,30.07,30.56,1764600.0
2018-05-14,30.9,30.97,28.91,29.42,1484300.0
2018-05-15,28.5,28.65,27.15,27.9,4892000.0
2018-05-16,27.86,28.12,27.1,27.3,2038000.0
2018-05-17,27.46,27.53,25.54,25.54,2583100.0
2018-05-18,24.8,26.43,24.24,26.15,3159900.0
2018-05-21,27.1,27.42,26.48,27.4,2307100.0
2018-05-22,27.8,28.65,27.59,28.65,2040100.0
2018-05-23,28.16,28.2,27.21,27.64,1695300.0
2018-05-24,26.87,27.59,26.56,27.4,1685600.0
2018-05-25,27.6,28.88,27.43,28.05,2918500.0
2018-05-28,28.05,28.26,26.76,27.0,690200.0
2018-05-29,27.8,27.94,26.92,27.08,1152900.0
2018-05-30,27.24,27.4,25.91,26.51,2068700.0
2018-06-01,26.48,27.0,26.1,26.5,1300300.0
2018-06-04,26.65,27.16,26.56,27.0,916800.0
2018-06-05,26.95,27.0,25.18,25.4,2095100.0
2018-06-06,25.42,25.5,23.66,24.42,3066800.0
2018-06-07,23.75,23.98,22.49,23.51,3836400.0
2018-06-08,23.79,23.93,22.5,23.2,3134200.0
2018-06-11,23.5,24.43,23.5,24.3,1355300.0
2018-06-12,24.5,24.59,23.65,23.81,776800.0
2018-06-13,23.79,24.15,23.33,23.84,933700.0
2018-06-14,23.93,24.21,23.28,23.85,927000.0
2018-06-15,23.43,23.49,22.51,22.83,3388400.0
2018-06-18,22.53,22.95,22.19,22.51,637900.0
2018-06-19,22.18,23.3,22.1,23.1,1598200.0
2018-06-20,23.32,23.88,22.89,23.36,818800.0
2018-06-21,23.5,23.5,22.09,22.16,2127200.0
2018-06-22,22.3,22.65,21.98,22.17,958400.0
2018-06-25,22.11,22.2,21.39,21.87,1183400.0
2018-06-26,22.0,22.25,21.57,22.0,542100.0
2018-06-27,21.99,21.99,21.1,21.4,2675100.0
2018-06-28,21.5,22.51,20.54,21.5,3653100.0
2018-06-29,21.81,21.89,20.98,21.33,2547300.0
2018-07-02,21.18,21.18,20.31,20.71,784800.0
2018-07-03,20.6,21.07,20.19,20.73,1395200.0
2018-07-04,20.96,21.0,20.52,21.0,248400.0
2018-07-05,21.1,21.19,20.43,20.43,1286800.0
2018-07-06,20.4,21.02,20.4,20.8,915100.0
2018-07-10,21.0,21.34,20.21,20.69,3427800.0
2018-07-11,20.63,20.9,20.42,20.9,744000.0
2018-07-12,20.99,21.89,20.85,21.73,849300.0
2018-07-13,21.71,22.21,21.61,21.85,704900.0
2018-07-16,22.29,23.05,22.29,22.79,1673400.0
2018-07-17,23.05,23.82,22.9,23.68,2191700.0
2018-07-18,23.8,24.42,23.55,23.91,1881400.0
2018-07-19,23.95,24.0,22.8,23.76,1022200.0
2018-07-20,24.5,25.37,23.98,24.18,2750200.0
2018-07-23,24.23,24.64,23.71,24.64,847100.0
2018-07-24,24.99,25.32,24.75,24.75,1113400.0
2018-07-25,25.08,25.86,25.01,25.76,1993700.0
2018-07-26,26.0,26.0,24.97,25.47,1077900.0
2018-07-27,25.51,25.84,24.98,25.29,936900.0
2018-07-30,25.48,25.5,24.27,24.32,1040400.0
2018-07-31,24.15,24.23,23.55,24.13,676000.0
2018-08-01,24.13,24.22,23.34,23.89,1226800.0
2018-08-02,23.8,24.05,23.12,23.75,1289000.0
2018-08-03,24.15,25.1,23.75,24.57,1807100.0
2018-08-06,24.76,24.98,24.01,24.34,1288200.0
2018-08-07,24.52,24.87,23.94,24.43,998200.0
2018-08-08,24.43,24.67,23.18,23.38,641200.0
2018-08-09,23.5,24.69,23.0,24.02,2895400.0
2018-08-10,24.0,24.0,22.26,23.1,2994100.0
2018-08-13,22.75,23.62,22.46,23.36,1648100.0
2018-08-14,23.71,24.12,23.6,24.12,1299100.0
2018-08-15,23.86,24.36,23.44,24.31,741600.0
2018-08-16,24.36,25.03,24.13,24.87,961000.0
2018-08-17,24.7,24.94,24.19,24.39,1991500.0
2018-08-20,24.49,24.92,24.26,24.54,980100.0
2018-08-21,24.48,24.51,23.55,23.71,3077300.0
2018-08-22,23.49,23.49,21.88,22.45,3657300.0
2018-08-23,22.51,22.74,21.78,22.05,2148100.0
2018-08-24,22.27,22.45,21.86,22.0,709200.0
2018-08-27,22.1,22.74,21.96,22.5,879700.0
2018-08-28,22.5,22.67,22.2,22.65,295000.0
2018-08-29,22.75,23.06,22.44,22.65,963000.0
2018-08-30,22.44,22.77,22.08,22.31,1045400.0
2018-08-31,22.4,23.0,22.22,23.0,2276400.0
2018-09-03,22.75,23.65,22.36,23.34,672400.0
2018-09-04,23.31,23.32,22.15,22.29,869900.0
2018-09-05,22.25,22.54,22.13,22.38,1053100.0
2018-09-06,22.52,22.89,22.21,22.7,584100.0
2018-09-10,23.99,24.05,22.81,23.0,668700.0
2018-09-11,22.93,22.99,21.86,22.0,1581500.0
2018-09-12,22.3,22.39,21.86,21.9,1651200.0
2018-09-13,21.84,22.15,21.6,21.98,1641600.0
2018-09-14,22.05,22.77,21.89,22.6,671400.0
2018-09-17,22.45,23.82,22.45,23.49,845900.0
2018-09-18,23.58,23.77,22.91,23.53,1543800.0
2018-09-19,23.55,24.0,23.1,23.85,1233200.0
2018-09-20,23.99,24.61,23.9,24.46,663900.0
2018-09-21,24.64,25.3,24.37,25.3,1028600.0
2018-09-24,25.14,25.14,23.63,23.69,1316000.0
2018-09-25,23.15,23.86,23.06,23.75,940500.0
2018-09-26,23.75,24.24,23.55,23.79,527300.0
2018-09-27,23.74,24.56,23.74,24.53,1507000.0
2018-09-28,24.17,24.35,23.59,24.05,638500.0
2018-10-01,24.05,24.2,22.64,22.92,1090200.0
2018-10-02,23.6,24.21,23.22,23.8,2033000.0
2018-10-03,24.6,25.55,24.25,24.5,3607300.0
2018-10-04,24.13,24.9,23.77,24.8,912500.0
2018-10-05,25.06,25.47,24.3,24.99,1990400.0
2018-10-08,26.99,28.4,26.56,28.04,7009600.0
2018-10-09,27.81,29.05,27.49,28.45,3624500.0
2018-10-10,26.8725,27.0836,26.8457,26.85,776839.0
2018-10-11,26.85,27.43,25.98,26.35,1270700.0
2018-10-15,26.97,27.16,26.31,26.78,1420100.0
2018-10-16,27.03,28.14,26.8,27.74,2850800.0
2018-10-17,27.53,28.07,26.7,27.9,2510500.0
2018-10-18,28.25,29.0,27.84,28.34,2966400.0
2018-10-19,28.5,28.88,27.47,28.0,1231600.0
2018-10-22,29.8,29.8,27.93,28.5,4060600.0
2018-10-23,28.37,28.73,27.81,28.69,2261100.0
2018-10-24,28.7,29.0,27.54,27.7,1803600.0
2018-10-25,27.95,28.27,27.13,27.86,2667900.0
2018-10-26,28.1,29.2,27.5,29.2,3253700.0
2018-10-29,29.74,30.18,28.14,28.73,3571700.0
2018-10-30,29.06,30.96,28.68,30.96,3389600.0
2018-10-31,30.9,31.86,29.28,30.59,5614200.0
2018-11-01,30.8,31.64,29.7,31.64,6545200.0
2018-11-05,31.65,32.8,31.26,32.55,5922700.0
2018-11-06,31.78,32.45,31.45,31.65,4112600.0
2018-11-07,32.02,32.34,30.9,31.45,3158600.0
2018-11-08,31.65,31.97,29.91,30.45,2310600.0
2018-11-09,30.13,31.84,30.06,31.84,1697800.0
2018-11-12,32.1,32.89,31.45,32.89,1363500.0
2018-11-13,32.89,33.28,32.39,32.85,1848100.0
2018-11-14,32.71,33.58,31.95,33.36,3233100.0
2018-11-16,33.48,35.0,33.11,35.0,1516500.0
2018-11-19,34.52,34.98,33.95,34.39,1201700.0
2018-11-21,34.35,35.45,33.91,34.91,1514800.0
2018-11-22,35.69,35.88,34.63,35.67,2011400.0
2018-11-23,35.6,36.6,35.0,36.0,2267400.0
2018-11-26,35.99,36.19,33.11,33.11,3802500.0
2018-11-27,33.4,33.82,32.81,33.82,1800100.0
2018-11-28,33.81,34.54,33.2,34.47,1188100.0
2018-11-29,34.5,34.68,33.91,34.3,1491100.0
2018-11-30,33.99,34.83,33.9,34.74,966000.0
2018-12-03,34.75,35.13,32.97,33.12,3048400.0
2018-12-04,33.51,33.56,31.25,32.14,2073900.0
2018-12-05,32.48,33.24,32.08,33.24,1552300.0
2018-12-06,33.0,33.0,31.8,32.58,1654800.0
2018-12-07,32.75,32.8,31.1,31.35,1218400.0
2018-12-10,31.39,31.8,30.56,30.86,1593600.0
2018-12-11,31.06,32.98,30.58,32.87,3010500.0
2018-12-12,33.04,33.65,32.21,33.65,1184300.0
2018-12-13,33.8,34.37,32.99,33.9,2665900.0
2018-12-14,33.8,34.0,33.12,33.35,2519800.0
2018-12-17,33.7,33.74,31.8,31.85,1596600.0
2018-12-18,31.95,33.32,31.71,33.0,1986200.0
2018-12-19,33.3,33.86,32.36,32.37,1378200.0
2018-12-20,32.72,33.8,32.2,33.5,2695800.0
2018-12-21,33.7,35.0,33.32,35.0,2730700.0
2018-12-26,34.9,35.67,33.85,34.89,1712400.0
2018-12-27,34.89,35.01,33.9,34.91,1395300.0
2018-12-28,35.0,36.0,34.62,36.0,2607400.0
2019-01-02,35.97,36.55,35.45,36.33,2795000.0
2019-01-03,36.19,37.6,35.71,36.37,1636900.0
2019-01-04,36.48,36.63,35.8,36.25,1056400.0
2019-01-07,36.16,36.47,34.91,35.3,1215300.0
2019-01-08,35.59,35.94,34.4,34.72,1299600.0
2019-01-09,34.85,35.21,34.64,35.15,1298000.0
2019-01-10,35.26,36.1,35.08,35.91,1942400.0
2019-01-11,36.0,37.2,35.81,37.2,2805900.0
2019-01-14,37.2,38.0,36.83,37.47,2254800.0
2019-01-15,37.5,37.75,36.84,37.0,1191500.0
2019-01-16,37.01,37.4,36.43,37.0,652800.0
2019-01-17,37.32,37.4,36.3,37.05,2820500.0
2019-01-18,37.1,37.69,36.36,36.36,6617600.0
2019-01-21,36.21,36.34,35.5,36.18,1109400.0
2019-01-22,36.13,36.26,35.1,35.5,803400.0
2019-01-23,35.49,36.0,35.27,36.0,1189300.0
2019-01-24,36.3,36.5,35.8,36.06,1217300.0
2019-01-28,36.06,36.14,34.91,35.06,1505300.0
2019-01-29,35.16,35.58,34.34,34.8,2737700.0
2019-01-30,35.25,36.09,35.11,35.95,2185000.0
2019-01-31,36.09,37.4,36.09,37.11,3107800.0
2019-02-01,36.92,37.32,36.61,37.2,2141000.0
2019-02-04,37.17,38.33,37.03,38.04,2562900.0
2019-02-05,38.5,39.17,38.25,38.59,3121300.0
2019-02-06,38.69,38.96,37.1,37.3,1788400.0
2019-02-07,37.57,37.62,35.76,36.18,1842300.0
2019-02-08,36.49,37.05,35.78,37.0,1278600.0
2019-02-11,37.49,37.72,36.74,37.2,1872400.0
2019-02-12,37.5,38.75,37.21,38.26,2287400.0
2019-02-13,38.63,38.74,37.88,38.4,1369800.0
2019-02-14,38.5,38.7,37.07,38.6,2460400.0
2019-02-15,38.58,38.59,37.44,38.5,1496300.0
2019-02-18,38.05,38.88,37.9,38.88,1314000.0
2019-02-19,38.94,39.48,37.65,38.66,11267900.0
2019-02-20,39.0,39.2,37.83,38.15,2248600.0
2019-02-21,38.4,38.4,37.0,37.49,2347300.0
2019-02-22,37.49,37.9,37.03,37.9,1895900.0
2019-02-25,37.85,38.35,37.72,38.2,1725200.0
2019-02-26,38.18,38.67,37.75,38.5,737100.0
2019-02-27,38.46,38.46,37.85,37.9,762300.0
2019-02-28,38.0,38.01,37.06,37.65,2324900.0
2019-03-01,37.52,37.65,36.41,36.75,1626000.0
2019-03-07,37.14,37.14,36.09,36.4,1757200.0
2019-03-08,36.3,37.15,35.75,37.06,2044500.0
2019-03-11,39.28,40.0,38.69,39.45,6219800.0
2019-03-12,39.39,40.62,38.74,40.21,4561600.0
2019-03-13,40.05,40.5,39.45,40.5,1776600.0
2019-03-14,39.98,41.75,39.77,41.28,2228500.0
2019-03-15,41.38,41.83,41.03,41.5,1906000.0
2019-03-18,41.5,42.22,40.38,42.22,2371300.0
2019-03-19,42.31,42.88,41.74,42.07,1861500.0
2019-03-20,42.25,42.65,40.67,41.17,2077000.0
2019-03-21,41.4,42.0,39.57,40.95,2873700.0
2019-03-22,40.2,40.56,39.2,39.45,2185700.0
2019-03-25,39.4,40.06,38.75,39.02,1457900.0
2019-03-26,39.2,39.87,38.58,39.77,1552400.0
2019-03-27,39.57,39.59,37.3,37.69,1996200.0
2019-03-28,37.3,37.67,36.17,37.25,4129000.0
2019-03-29,37.75,38.27,37.0,38.27,2449100.0
2019-04-01,38.6,38.94,38.2,38.94,1206800.0
2019-04-02,39.0,39.29,38.1,38.8,1365000.0
2019-04-03,39.1,39.29,37.71,38.96,2985000.0
2019-04-04,38.88,39.26,38.27,38.79,1879200.0
2019-04-05,39.09,39.09,37.38,37.45,3412700.0
2019-04-08,35.4897,35.9366,35.4874,35.81,563650.0
2019-04-09,35.81,36.2,35.0,35.75,2433600.0
2019-04-10,35.85,36.46,35.68,36.05,1694800.0
2019-04-11,36.35,36.6,34.76,34.78,2358300.0
2019-04-12,34.39,35.14,33.26,33.75,2251000.0
2019-04-15,33.76,34.04,32.69,32.7,2929700.0
2019-04-16,32.86,33.26,32.8,33.18,1370400.0
2019-04-17,33.44,33.58,31.13,31.7,5067400.0
2019-04-18,32.4,34.24,31.89,33.63,3996700.0
2019-04-22,34.05,34.17,33.12,33.98,1608700.0
2019-04-23,33.98,34.85,33.97,34.17,1933800.0
2019-04-24,34.31,34.54,33.1,33.48,1107100.0
2019-04-25,33.39,33.74,32.84,33.25,4399400.0
2019-04-26,33.52,33.85,33.03,33.61,2101100.0
2019-04-29,33.86,34.04,33.57,33.66,1129500.0
2019-04-30,33.8,34.15,33.39,34.0,1541100.0
2019-05-02,33.62,34.6,33.4,34.6,1448900.0
2019-05-03,34.71,36.21,34.71,36.08,9974400.0
2019-05-06,35.61,36.09,35.0,35.0,2085900.0
2019-05-07,35.0,35.28,33.72,35.28,2610500.0
2019-05-08,35.79,37.48,35.38,37.0,4110500.0
2019-05-09,36.0,38.0,35.9,38.0,3268900.0
2019-05-10,37.88,38.47,37.24,38.09,3389700.0
2019-05-13,36.97,37.36,35.96,36.6,2755800.0
2019-05-14,37.12,37.12,34.85,35.15,4542000.0
2019-05-15,34.44,34.77,33.31,34.63,2828100.0
2019-05-16,34.0,34.6,33.1,33.3,4101400.0
2019-05-17,33.14,33.64,32.11,32.66,4433600.0
2019-05-20,32.75,33.41,32.21,33.41,1723600.0
2019-05-21,33.97,35.39,33.56,35.24,2438100.0
2019-05-22,35.9,36.09,34.6,35.68,2630800.0
2019-05-23,35.29,36.39,34.58,35.31,1864700.0
2019-05-24,35.85,35.9,35.2,35.45,1358400.0
2019-05-27,35.34,36.6,35.26,36.45,1356400.0
2019-05-28,36.47,38.32,36.01,38.25,10912400.0
2019-05-29,37.9,38.89,37.56,38.15,2273000.0
2019-05-30,38.47,40.0,38.14,39.3,5044200.0
2019-05-31,39.22,39.7,38.69,39.2,2851600.0
2019-06-03,39.5,40.0,38.88,39.69,3292000.0
2019-06-04,39.81,40.2,39.62,40.0,2592700.0
2019-06-05,40.0,41.53,39.52,40.62,3653600.0
2019-06-06,41.22,42.69,41.11,42.69,4766200.0
2019-06-07,42.52,43.75,42.4,43.66,2229900.0
2019-06-10,43.35,44.1,42.59,44.1,2247000.0
2019-06-11,43.91,44.45,42.01,43.74,4425100.0
2019-06-12,43.51,44.34,43.0,43.62,1667500.0
2019-06-13,43.88,44.55,43.69,44.25,2426100.0
2019-06-14,44.16,44.65,43.11,43.79,2165700.0
2019-06-17,43.44,44.78,43.26,44.78,1761500.0
2019-06-18,44.99,45.87,44.01,45.25,4032200.0
2019-06-19,45.25,45.54,44.7,45.4,2356800.0
2019-06-21,45.63,45.75,43.67,44.26,3041000.0
2019-06-24,44.28,44.8,43.38,43.57,2194400.0
2019-06-25,43.21,43.57,42.01,42.6,3208500.0
2019-06-26,42.9,43.8,41.51,42.39,3736700.0
2019-06-27,42.08,42.59,41.54,42.47,2131100.0
2019-06-28,42.8,43.29,42.44,43.29,2473000.0
2019-07-01,43.5,43.8,41.96,42.09,1956500.0
2019-07-02,42.25,42.53,41.84,42.41,1842600.0
2019-07-03,42.3,44.21,42.16,44.06,3209400.0
2019-07-04,44.6,46.75,44.57,46.75,3261900.0
2019-07-05,47.05,48.82,45.59,48.45,6083300.0
2019-07-08,48.76,49.6,48.32,48.73,3463300.0
2019-07-10,49.3,51.04,48.7,49.99,5347700.0
2019-07-11,49.96,49.96,48.5,49.47,3029900.0
2019-07-12,49.65,49.98,48.58,49.09,1967600.0
2019-07-15,49.0,50.2,48.57,49.36,2304400.0
2019-07-16,49.27,50.02,48.98,50.0,1559300.0
2019-07-17,50.5,50.66,48.84,49.64,1787200.0
2019-07-18,49.84,50.23,49.24,49.85,2506900.0
2019-07-19,49.3,50.25,49.25,49.7,1375000.0
2019-07-22,49.7,50.4,49.34,49.9,1736000.0
2019-07-23,50.25,50.27,48.65,49.03,2365600.0
2019-07-24,48.82,49.78,48.82,49.45,1689800.0
2019-07-25,49.55,50.89,48.09,50.89,2124600.0
2019-07-26,52.25,52.3,50.45,51.89,3598900.0
2019-07-29,51.81,52.92,51.25,52.92,2206300.0
2019-07-30,52.7,53.57,52.25,53.01,2098000.0
2019-07-31,53.18,53.51,51.15,51.78,3071700.0
2019-08-01,52.3,54.4,51.79,54.13,2801800.0
2019-08-02,53.77,53.98,52.4,53.6,2385700.0
2019-08-05,52.45,52.89,50.66,51.65,2814300.0
2019-08-06,52.0,53.47,52.0,52.97,1627600.0
2019-08-07,52.7,53.29,51.32,53.12,3748900.0
2019-08-08,54.22,55.32,53.88,54.55,3040200.0
2019-08-09,53.85,56.68,53.85,55.47,2202700.0
2019-08-12,54.0,54.73,51.66,54.3,3742100.0
2019-08-13,55.15,55.51,52.53,53.55,3773400.0
2019-08-14,53.55,53.72,50.7,50.97,6174600.0
2019-08-15,51.5,51.9,49.82,50.56,2853100.0
2019-08-16,51.01,51.73,49.7,50.47,3366200.0
2019-08-19,50.85,51.5,48.86,49.83,2264000.0
2019-08-20,50.0,50.31,48.31,49.68,2060900.0
2019-08-21,50.4,50.85,49.65,50.85,2895900.0
2019-08-22,50.51,50.79,48.72,48.94,4587000.0
2019-08-23,48.6,48.73,46.41,47.3,4560000.0
2019-08-26,47.35,48.02,45.85,46.0,3966500.0
2019-08-27,46.2,46.77,44.88,45.98,4007100.0
2019-08-28,45.26,46.64,45.16,46.54,2248900.0
2019-08-29,46.8,48.98,45.45,48.55,5359600.0
2019-08-30,49.3,49.78,47.1,47.1,8437600.0
2019-09-02,47.48,48.09,46.63,47.14,2276700.0
2019-09-03,47.08,48.15,45.7,45.96,4196800.0
2019-09-04,46.5,47.16,46.09,47.11,2868600.0
2019-09-05,47.52,49.44,47.39,49.22,3941100.0
2019-09-06,49.82,50.69,48.89,49.35,2801400.0
2019-09-09,49.47,49.79,47.53,48.39,2519900.0
2019-09-10,48.38,48.38,47.02,48.15,1570600.0
2019-09-11,48.66,49.99,48.66,49.39,2649400.0
2019-09-12,49.9,52.57,49.64,52.05,5596400.0
2019-09-13,52.45,52.57,50.81,51.34,2797200.0
2019-09-16,49.42,49.53,46.6,47.0,12723200.0
2019-09-17,47.74,49.13,47.16,48.45,6165000.0
2019-09-18,48.82,49.25,47.85,49.2,3668900.0
2019-09-19,48.9,50.08,48.8,49.28,3224500.0
2019-09-20,49.1,49.69,48.01,48.73,3730600.0
2019-09-23,48.48,48.68,47.77,48.13,1352200.0
2019-09-24,48.6,48.67,47.16,47.28,2069300.0
2019-09-25,47.31,48.68,46.92,48.5,3862900.0
2019-09-26,48.77,49.9,48.3,49.87,2868100.0
2019-09-27,49.38,49.74,48.08,49.62,2648700.0
2019-09-30,49.8,50.22,49.08,49.71,2112000.0
2019-10-01,50.09,50.34,48.36,48.94,2308100.0
2019-10-02,48.61,48.61,46.71,47.91,3634400.0
2019-10-03,47.92,50.15,47.45,49.89,3924300.0
2019-10-04,50.16,51.32,49.3,50.95,2782600.0
2019-10-07,50.9,51.38,50.27,50.59,1962300.0
2019-10-08,50.6,51.73,49.93,50.2,2089100.0
2019-10-09,51.0,51.33,49.34,49.5,2898400.0
2019-10-10,49.84,49.9,48.7,49.68,2137500.0
2019-10-11,49.76,50.77,49.73,50.4,3210500.0
2019-10-14,50.6,51.55,50.26,51.18,2491300.0
2019-10-15,51.44,51.72,51.0,51.21,2700900.0
2019-10-16,51.21,51.41,50.1,51.3,2122500.0
2019-10-17,51.42,52.28,51.22,51.26,3443000.0
2019-10-18,50.88,51.37,50.53,50.99,2919900.0
2019-10-21,50.84,51.41,50.55,51.35,1906200.0
2019-10-22,51.22,53.03,50.95,52.99,3225400.0
2019-10-23,52.99,53.26,51.91,52.15,2026500.0
2019-10-24,52.2,53.15,51.9,52.9,1935200.0
2019-10-25,52.9,53.59,52.44,52.54,2280300.0
2019-10-28,52.54,53.29,52.29,53.16,2357100.0
2019-10-29,53.24,53.52,52.43,53.5,1806000.0
2019-10-30,53.4,53.64,52.51,53.64,1352600.0
2019-10-31,53.4,53.4,52.03,52.52,2151300.0
2019-11-01,52.85,53.68,52.05,53.55,3592200.0
2019-11-04,53.7,54.16,53.0,53.5,1797800.0
2019-11-05,53.51,54.57,52.44,53.37,1897700.0
2019-11-06,53.5,54.35,51.73,51.73,2623200.0
2019-11-07,52.09,52.78,51.0,52.49,3609100.0
2019-11-08,52.02,52.24,49.71,50.92,4714100.0
2019-11-11,50.47,50.78,49.54,50.45,2806800.0
2019-11-12,48.3258,48.5811,48.1662,48.35,711641.0
2019-11-13,48.35,49.22,47.7,48.13,1783700.0
2019-11-14,48.12,50.32,48.12,50.1,3204100.0
2019-11-18,50.1,51.8,49.87,50.9,2593700.0
2019-11-19,51.15,51.65,49.96,50.49,1311800.0
2019-11-21,50.89,52.2,50.62,52.2,2690800.0
2019-11-22,52.1,54.67,51.83,54.67,3020700.0
2019-11-25,54.25,54.63,53.33,53.84,1860500.0
2019-11-26,53.84,53.84,50.31,51.4,5718300.0
2019-11-27,51.6,52.06,50.43,50.99,1776200.0
2019-11-28,51.15,52.95,50.88,52.75,3275500.0
2019-11-29,52.7,53.26,52.23,53.1,1930200.0
2019-12-02,52.9,53.08,52.24,52.94,1469700.0
2019-12-03,53.05,53.5,52.45,53.5,2082300.0
2019-12-04,53.57,54.1,52.99,53.41,2279500.0
2019-12-05,53.19,54.0,52.96,53.41,1488800.0
2019-12-06,53.5,54.83,52.76,54.7,4114500.0
2019-12-09,54.69,55.4,54.08,54.71,2013100.0
2019-12-10,54.47,54.47,52.33,53.6,3990600.0
2019-12-11,53.99,54.86,53.63,54.64,2650400.0
2019-12-12,55.0,55.49,54.19,55.07,3101600.0
2019-12-13,55.4,57.05,55.12,56.86,3779300.0
2019-12-16,57.0,57.82,56.63,57.27,3218200.0
2019-12-17,57.15,57.45,56.33,56.87,1984700.0
2019-12-18,56.87,58.06,56.51,57.61,2684200.0
2019-12-19,57.6,57.9,56.82,57.71,2030600.0
2019-12-20,57.7,57.7,56.34,57.0,2111100.0
2019-12-23,57.0,57.85,56.66,57.6,1341300.0
2019-12-26,57.66,58.15,57.04,57.07,2314100.0
2019-12-27,57.41,57.8,56.66,57.8,1853300.0
2019-12-30,57.6,58.8,57.43,58.28,1615700.0
2020-01-02,58.78,59.3,58.15,58.8,1957700.0
2020-01-03,57.04,58.21,56.61,56.76,3776500.0
2020-01-06,56.61,56.61,54.56,55.0,4110500.0
2020-01-07,55.79,57.06,55.1,56.82,2667800.0
2020-01-08,56.31,57.61,56.01,56.92,2826200.0
2020-01-09,57.06,58.18,56.9,57.28,2106800.0
2020-01-10,57.52,58.09,56.95,57.5,1661600.0
2020-01-13,57.5,58.39,57.42,58.3,2184900.0
2020-01-14,58.3,59.19,57.93,59.19,1929300.0
2020-01-15,59.38,59.8,58.7,59.3,3113700.0
2020-01-16,59.82,60.49,59.13,59.44,2773300.0
2020-01-17,59.95,61.35,59.75,61.35,1629100.0
2020-01-20,61.25,61.77,60.89,61.77,1416000.0
2020-01-21,61.4,61.55,59.71,60.05,2098500.0
2020-01-22,60.1,61.04,58.46,59.6,2938900.0
2020-01-23,59.5,61.23,57.86,61.2,1833400.0
2020-01-24,61.24,61.49,59.25,59.46,1719200.0
2020-01-27,56.7,58.13,56.66,57.48,2247000.0
2020-01-28,59.0,62.67,58.8,62.41,5868300.0
2020-01-29,62.55,62.87,59.3,59.87,3647700.0
2020-01-30,59.0,59.78,57.37,59.71,4222300.0
2020-01-31,58.1,59.68,57.84,59.26,2991300.0
2020-02-03,59.26,61.25,58.98,60.13,2330600.0
2020-02-04,61.43,61.76,60.36,60.8,1920000.0
2020-02-05,61.67,62.0,61.27,61.27,2039500.0
2020-02-06,61.95,61.95,58.89,59.07,3303500.0
2020-02-07,59.38,59.45,56.29,56.29,4655300.0
2020-02-10,56.3,56.9,55.34,56.82,3602200.0
2020-02-11,58.34,58.92,57.32,58.34,2888500.0
2020-02-12,58.5,60.55,58.1,59.66,2795100.0
2020-02-13,58.8,59.19,57.93,59.0,2164000.0
2020-02-14,59.15,59.79,58.5,59.24,1584700.0
2020-02-17,59.99,59.99,58.55,58.7,1240700.0
2020-02-18,58.6,58.6,57.17,58.02,1489600.0
2020-02-19,58.0,58.77,57.6,58.08,1005300.0
2020-02-20,57.51,57.86,55.96,56.4,2970600.0
2020-02-21,55.79,56.21,54.96,55.65,2498800.0
2020-02-27,47.79,48.31,44.52,45.13,7916100.0
2020-02-28,44.11,45.29,42.55,44.44,6402400.0
2020-03-02,45.65,46.96,44.34,45.19,7049000.0
2020-03-03,45.4,46.38,43.67,44.0,7936300.0
2020-03-04,46.0,46.21,43.51,44.75,4655600.0
2020-03-05,43.85,43.85,37.7,38.25,6552000.0
2020-03-06,34.51,39.78,33.8,38.68,12921400.0
2020-03-09,36.0,36.35,31.55,32.1,6260300.0
2020-03-10,36.8,36.8,32.9,36.18,6281500.0
2020-03-11,33.98,35.12,28.48,30.25,8041000.0
2020-03-12,20.02,22.02,20.0,20.3,8321300.0
2020-03-13,24.47,25.0,20.3,24.71,19066500.0
2020-03-16,17.4,20.78,15.58,15.6,17642100.0
2020-03-17,16.34,16.34,13.72,15.23,19408600.0
2020-03-18,13.5,13.5,9.1,10.35,21205400.0
2020-03-19,9.8,13.4,8.74,11.97,16527900.0
2020-03-20,13.7,17.5,13.01,13.8,17389700.0
